1, phenomena:abandoned_mansion, HEADING, header:ignore, 0, 0, 0
2, awesomedungeon:abandoned_oak_palace, HEADING, header:ignore, 0, 0, 0
3, dungeons_arise:abandoned_temple, HEADING, header:ignore, 0, 0, 0
4, dungeons_arise:abandoned_temple, MONSTER, minecraft:stray, 10, 1, 1
5, kellomod:abandoned_watchtower, HEADING, header:ignore, 0, 0, 0
6, hopo:acacia_mineshaft, HEADING, header:ignore, 0, 0, 0
7, graveyard:altar, HEADING, header:ignore, 0, 0, 0
8, minecraft:ancient_city, HEADING, header:ignore, 0, 0, 0
9, cataclysm:ancient_factory, HEADING, header:ignore, 0, 0, 0
10, ddo:ancientcity, HEADING, header:ignore, 0, 0, 0
11, minecolonies:asian_colony, HEADING, header:ignore, 0, 0, 0
12, minecolonies:asian_colony, CREATURE, minecraft:cat, 80, 1, 2
13, dungeons_arise:aviary, HEADING, header:ignore, 0, 0, 0
14, dungeons_arise:aviary, MONSTER, minecraft:phantom, 60, 2, 3
15, totw_modded:badlands, HEADING, header:ignore, 0, 0, 0
16, minecraft:badlands_pyramid, HEADING, header:ignore, 0, 0, 0
17, hopo:bamboo_mineshaft, HEADING, header:ignore, 0, 0, 0
18, dungeons_arise:bandit_towers, HEADING, header:ignore, 0, 0, 0
19, dungeons_arise:bandit_village, HEADING, header:ignore, 0, 0, 0
20, minecraft:bastion_remnant, HEADING, header:ignore, 0, 0, 0
21, dungeons_arise:bathhouse, HEADING, header:ignore, 0, 0, 0
22, awesomedungeon:better_default_jungle_temple, HEADING, header:ignore, 0, 0, 0
23, hopo:birch_mineshaft, HEADING, header:ignore, 0, 0, 0
24, awesomedungeonocean:brigantine, HEADING, header:ignore, 0, 0, 0
25, kellomod:buried_bastion, HEADING, header:ignore, 0, 0, 0
26, kellomod:buried_bastion, MONSTER, minecraft:piglin_brute, 10, 1, 6
27, kellomod:buried_bastion, MONSTER, minecraft:piglin, 10, 1, 10
28, kellomod:buried_shipwreck, HEADING, header:ignore, 0, 0, 0
29, minecraft:buried_treasure, HEADING, header:ignore, 0, 0, 0
30, cataclysm:burning_arena, HEADING, header:ignore, 0, 0, 0
31, minecolonies:caledonia_colony, HEADING, header:ignore, 0, 0, 0
32, minecolonies:caledonia_colony, CREATURE, minecraft:cat, 80, 1, 2
33, stellarity:campsite, HEADING, header:ignore, 0, 0, 0
34, dungeons_arise:ceryneian_hind, HEADING, header:ignore, 0, 0, 0
35, stellarity:chapel_of_light, HEADING, header:ignore, 0, 0, 0
36, hopo:cherry_mineshaft, HEADING, header:ignore, 0, 0, 0
37, dungeons_arise:coliseum, HEADING, header:ignore, 0, 0, 0
38, kellomod:collapsed_end_city, HEADING, header:ignore, 0, 0, 0
39, graveyard:crypt, HEADING, header:ignore, 0, 0, 0
40, graveyard:crypt, MONSTER, graveyard:acolyte, 25, 1, 1
41, graveyard:crypt, MONSTER, graveyard:corrupted_vindicator, 35, 1, 3
42, graveyard:crypt, MONSTER, graveyard:corrupted_pillager, 35, 1, 3
43, nyctocosm:crypts/dream, HEADING, header:ignore, 0, 0, 0
44, hopo:dark_oak_mineshaft, HEADING, header:ignore, 0, 0, 0
45, graveyard:dead_tree, HEADING, header:ignore, 0, 0, 0
46, phenomena:deepslate_hill, HEADING, header:ignore, 0, 0, 0
47, hopo:deepslate_mineshaft, HEADING, header:ignore, 0, 0, 0
48, totw_modded:derelict, HEADING, header:ignore, 0, 0, 0
49, totw_modded:derelict_grass, HEADING, header:ignore, 0, 0, 0
50, totw_modded:desert, HEADING, header:ignore, 0, 0, 0
51, minecraft:desert_pyramid, HEADING, header:ignore, 0, 0, 0
52, awesomedungeon:desert_temple_husk, HEADING, header:ignore, 0, 0, 0
53, minecolonies:desertoasis_colony, HEADING, header:ignore, 0, 0, 0
54, minecolonies:desertoasis_colony, CREATURE, minecraft:cat, 80, 1, 2
55, phenomena:doorbox, HEADING, header:ignore, 0, 0, 0
56, dungeoncrawl:dungeon, HEADING, header:ignore, 0, 0, 0
57, totw_modded:end, HEADING, header:ignore, 0, 0, 0
58, awesomedungeonend:end_castle_evoker, HEADING, header:ignore, 0, 0, 0
59, minecraft:end_city, HEADING, header:ignore, 0, 0, 0
60, minecraft:end_city, MONSTER, alexsmobs:mimicube, 40, 1, 3
61, awesomedungeonend:end_hardcastle, HEADING, header:ignore, 0, 0, 0
62, phenomena:end_house, HEADING, header:ignore, 0, 0, 0
63, awesomedungeonend:end_palace, HEADING, header:ignore, 0, 0, 0
64, awesomedungeonend:end_pill, HEADING, header:ignore, 0, 0, 0
65, awesomedungeonend:end_pyramid, HEADING, header:ignore, 0, 0, 0
66, totw_modded:everbright, HEADING, header:ignore, 0, 0, 0
67, totw_modded:everdawn, HEADING, header:ignore, 0, 0, 0
68, towns_and_towers:exclusives/pillager_outpost_classic, HEADING, header:ignore, 0, 0, 0
69, towns_and_towers:exclusives/pillager_outpost_classic, MONSTER, minecraft:pillager, 10, 1, 2
70, towns_and_towers:exclusives/pillager_outpost_iberian, HEADING, header:ignore, 0, 0, 0
71, towns_and_towers:exclusives/pillager_outpost_iberian, MONSTER, minecraft:pillager, 10, 1, 2
72, towns_and_towers:exclusives/pillager_outpost_mediterranean, HEADING, header:ignore, 0, 0, 0
73, towns_and_towers:exclusives/pillager_outpost_mediterranean, MONSTER, minecraft:pillager, 10, 1, 2
74, towns_and_towers:exclusives/pillager_outpost_oriental, HEADING, header:ignore, 0, 0, 0
75, towns_and_towers:exclusives/pillager_outpost_oriental, MONSTER, minecraft:pillager, 10, 1, 2
76, towns_and_towers:exclusives/pillager_outpost_rustic, HEADING, header:ignore, 0, 0, 0
77, towns_and_towers:exclusives/pillager_outpost_rustic, MONSTER, minecraft:pillager, 10, 1, 2
78, towns_and_towers:exclusives/pillager_outpost_swedish, HEADING, header:ignore, 0, 0, 0
79, towns_and_towers:exclusives/pillager_outpost_swedish, MONSTER, minecraft:pillager, 10, 1, 2
80, towns_and_towers:exclusives/pillager_outpost_tudor, HEADING, header:ignore, 0, 0, 0
81, towns_and_towers:exclusives/pillager_outpost_tudor, MONSTER, minecraft:pillager, 10, 1, 2
82, towns_and_towers:exclusives/village_classic, HEADING, header:ignore, 0, 0, 0
83, towns_and_towers:exclusives/village_iberian, HEADING, header:ignore, 0, 0, 0
84, towns_and_towers:exclusives/village_mediterranean, HEADING, header:ignore, 0, 0, 0
85, towns_and_towers:exclusives/village_nilotic, HEADING, header:ignore, 0, 0, 0
86, towns_and_towers:exclusives/village_rustic, HEADING, header:ignore, 0, 0, 0
87, towns_and_towers:exclusives/village_swedish, HEADING, header:ignore, 0, 0, 0
88, towns_and_towers:exclusives/village_tudor, HEADING, header:ignore, 0, 0, 0
89, towns_and_towers:exclusives/village_wandering_trader_camp, HEADING, header:ignore, 0, 0, 0
90, imst:farm/crimson_fungus, HEADING, header:ignore, 0, 0, 0
91, imst:farm/warped_fungus, HEADING, header:ignore, 0, 0, 0
92, dungeons_arise:fishing_hut, HEADING, header:ignore, 0, 0, 0
93, simply_houses:forest_chapel, HEADING, header:ignore, 0, 0, 0
94, simply_houses:forest_fort, HEADING, header:ignore, 0, 0, 0
95, simply_houses:forest_house, HEADING, header:ignore, 0, 0, 0
96, simply_houses:forest_stonemason, HEADING, header:ignore, 0, 0, 0
97, minecraft:fortress, HEADING, header:ignore, 0, 0, 0
98, minecraft:fortress, MONSTER, minecraft:blaze, 10, 2, 3
99, minecraft:fortress, MONSTER, minecraft:zombified_piglin, 10, 4, 4
100, minecraft:fortress, MONSTER, minecraft:wither_skeleton, 10, 5, 5
101, minecraft:fortress, MONSTER, minecraft:skeleton, 10, 5, 5
102, minecraft:fortress, MONSTER, minecraft:magma_cube, 10, 4, 4
103, stellarity:fossil, HEADING, header:ignore, 0, 0, 0
104, dungeons_arise:foundry, HEADING, header:ignore, 0, 0, 0
105, awesomedungeonocean:frigate_large, HEADING, header:ignore, 0, 0, 0
106, awesomedungeonocean:frigate_medium, HEADING, header:ignore, 0, 0, 0
107, dungeons_arise:giant_mushroom, HEADING, header:ignore, 0, 0, 0
108, graveyard:giant_mushroom, HEADING, header:ignore, 0, 0, 0
109, totw_modded:glacio, HEADING, header:ignore, 0, 0, 0
110, dungeons_arise:greenwood_pub, HEADING, header:ignore, 0, 0, 0
111, ars_nouveau:guardian_wilden_den, HEADING, header:ignore, 0, 0, 0
112, ars_nouveau:guardian_wilden_den, MONSTER, ars_nouveau:wilden_guardian, 10, 1, 3
113, graveyard:haunted_house, HEADING, header:ignore, 0, 0, 0
114, dungeons_arise:heavenly_challenger, HEADING, header:ignore, 0, 0, 0
115, dungeons_arise:heavenly_conqueror, HEADING, header:ignore, 0, 0, 0
116, dungeons_arise:heavenly_rider, HEADING, header:ignore, 0, 0, 0
117, ars_nouveau:hunter_wilden_den, HEADING, header:ignore, 0, 0, 0
118, ars_nouveau:hunter_wilden_den, MONSTER, ars_nouveau:wilden_hunter, 10, 3, 3
119, totw_modded:ice, HEADING, header:ignore, 0, 0, 0
120, minecraft:igloo, HEADING, header:ignore, 0, 0, 0
121, dungeons_arise:illager_campsite, HEADING, header:ignore, 0, 0, 0
122, dungeons_arise:illager_corsair, HEADING, header:ignore, 0, 0, 0
123, dungeons_arise:illager_fort, HEADING, header:ignore, 0, 0, 0
124, dungeons_arise:illager_galley, HEADING, header:ignore, 0, 0, 0
125, dungeons_arise:illager_windmill, HEADING, header:ignore, 0, 0, 0
126, minecolonies:incan_colony, HEADING, header:ignore, 0, 0, 0
127, minecolonies:incan_colony, CREATURE, minecraft:cat, 80, 1, 2
128, dungeons_arise:infested_temple, HEADING, header:ignore, 0, 0, 0
129, totw_modded:jungle, HEADING, header:ignore, 0, 0, 0
130, awesomedungeon:jungle_giant_tree, HEADING, header:ignore, 0, 0, 0
131, hopo:jungle_mineshaft, HEADING, header:ignore, 0, 0, 0
132, phenomena:jungle_portal, HEADING, header:ignore, 0, 0, 0
133, minecraft:jungle_pyramid, HEADING, header:ignore, 0, 0, 0
134, dungeons_arise:jungle_tree_house, HEADING, header:ignore, 0, 0, 0
135, dungeons_arise:keep_kayra, HEADING, header:ignore, 0, 0, 0
136, ctov:large/village_beach, HEADING, header:ignore, 0, 0, 0
137, ctov:large/village_dark_forest, HEADING, header:ignore, 0, 0, 0
138, ctov:large/village_desert, HEADING, header:ignore, 0, 0, 0
139, ctov:large/village_jungle, HEADING, header:ignore, 0, 0, 0
140, ctov:large/village_mesa, HEADING, header:ignore, 0, 0, 0
141, ctov:large/village_mountain, HEADING, header:ignore, 0, 0, 0
142, ctov:large/village_mushroom, HEADING, header:ignore, 0, 0, 0
143, ctov:large/village_plains, HEADING, header:ignore, 0, 0, 0
144, ctov:large/village_savanna, HEADING, header:ignore, 0, 0, 0
145, ctov:large/village_snowy, HEADING, header:ignore, 0, 0, 0
146, ctov:large/village_swamp, HEADING, header:ignore, 0, 0, 0
147, ctov:large/village_taiga, HEADING, header:ignore, 0, 0, 0
148, ctov:large/village_underground, HEADING, header:ignore, 0, 0, 0
149, graveyard:large_graveyard, HEADING, header:ignore, 0, 0, 0
150, graveyard:large_graveyard, MONSTER, graveyard:skeleton_creeper, 35, 1, 1
151, graveyard:large_graveyard, MONSTER, graveyard:revenant, 45, 1, 3
152, graveyard:large_graveyard, MONSTER, graveyard:ghoul, 50, 2, 4
153, graveyard:lich_prison, HEADING, header:ignore, 0, 0, 0
154, dungeons_arise:lighthouse, HEADING, header:ignore, 0, 0, 0
155, tlc:lost_castle, HEADING, header:ignore, 0, 0, 0
156, minecolonies:lostmesacity_colony, HEADING, header:ignore, 0, 0, 0
157, minecolonies:lostmesacity_colony, CREATURE, minecraft:cat, 80, 1, 2
158, phenomena:lush_trap, HEADING, header:ignore, 0, 0, 0
159, phenomena:lush_trap, MONSTER, minecraft:witch, 10, 1, 1
160, phenomena:lush_trap, MONSTER, minecraft:creeper, 10, 1, 3
161, phenomena:lush_trap, CREATURE, minecraft:bat, 10, 1, 4
162, hopo:mangrove_mineshaft, HEADING, header:ignore, 0, 0, 0
163, minecraft:mansion, HEADING, header:ignore, 0, 0, 0
164, totw_modded:mars, HEADING, header:ignore, 0, 0, 0
165, minecolonies:medieval_birch_colony, HEADING, header:ignore, 0, 0, 0
166, minecolonies:medieval_birch_colony, CREATURE, minecraft:cat, 80, 1, 2
167, phenomena:medieval_boat, HEADING, header:ignore, 0, 0, 0
168, phenomena:medieval_boat, MONSTER, minecraft:evoker, 10, 1, 1
169, minecolonies:medieval_dark_oak_colony, HEADING, header:ignore, 0, 0, 0
170, minecolonies:medieval_dark_oak_colony, CREATURE, minecraft:cat, 80, 1, 2
171, minecolonies:medieval_oak_colony, HEADING, header:ignore, 0, 0, 0
172, minecolonies:medieval_oak_colony, CREATURE, minecraft:cat, 80, 1, 2
173, minecolonies:medieval_spruce_colony, HEADING, header:ignore, 0, 0, 0
174, minecolonies:medieval_spruce_colony, CREATURE, minecraft:cat, 80, 1, 2
175, ctov:medium/village_beach, HEADING, header:ignore, 0, 0, 0
176, ctov:medium/village_dark_forest, HEADING, header:ignore, 0, 0, 0
177, ctov:medium/village_desert, HEADING, header:ignore, 0, 0, 0
178, ctov:medium/village_jungle, HEADING, header:ignore, 0, 0, 0
179, ctov:medium/village_mesa, HEADING, header:ignore, 0, 0, 0
180, ctov:medium/village_mountain, HEADING, header:ignore, 0, 0, 0
181, ctov:medium/village_mushroom, HEADING, header:ignore, 0, 0, 0
182, ctov:medium/village_plains, HEADING, header:ignore, 0, 0, 0
183, ctov:medium/village_savanna, HEADING, header:ignore, 0, 0, 0
184, ctov:medium/village_snowy, HEADING, header:ignore, 0, 0, 0
185, ctov:medium/village_swamp, HEADING, header:ignore, 0, 0, 0
186, ctov:medium/village_taiga, HEADING, header:ignore, 0, 0, 0
187, ctov:medium/village_underground, HEADING, header:ignore, 0, 0, 0
188, graveyard:medium_graveyard, HEADING, header:ignore, 0, 0, 0
189, graveyard:medium_graveyard, MONSTER, graveyard:skeleton_creeper, 35, 1, 1
190, graveyard:medium_graveyard, MONSTER, graveyard:revenant, 45, 1, 3
191, graveyard:medium_graveyard, MONSTER, graveyard:ghoul, 50, 2, 4
192, graveyard:memorial_tree, HEADING, header:ignore, 0, 0, 0
193, dungeons_arise:merchant_campsite, HEADING, header:ignore, 0, 0, 0
194, totw_modded:mercury, HEADING, header:ignore, 0, 0, 0
195, towns_and_towers:mimic_desert, HEADING, header:ignore, 0, 0, 0
196, imst:mine/basalt_mine, HEADING, header:ignore, 0, 0, 0
197, imst:mine/crimson_mine, HEADING, header:ignore, 0, 0, 0
198, imst:mine/warped_mine, HEADING, header:ignore, 0, 0, 0
199, minecraft:mineshaft, HEADING, header:ignore, 0, 0, 0
200, minecraft:mineshaft, AMBIENT, alexsmobs:underminer, 50, 1, 1
201, minecraft:mineshaft_mesa, HEADING, header:ignore, 0, 0, 0
202, minecraft:mineshaft_mesa, AMBIENT, alexsmobs:underminer, 50, 1, 1
203, dungeons_arise:mining_system, HEADING, header:ignore, 0, 0, 0
204, dungeons_arise:monastery, HEADING, header:ignore, 0, 0, 0
205, minecraft:monument, HEADING, header:ignore, 0, 0, 0
206, minecraft:monument, MONSTER, minecraft:guardian, 10, 2, 4
207, totw_modded:moon, HEADING, header:ignore, 0, 0, 0
208, hopo:mud_mineshaft, HEADING, header:ignore, 0, 0, 0
209, awesomedungeon:mushroom_abandonned, HEADING, header:ignore, 0, 0, 0
210, graveyard:mushroom_grave, HEADING, header:ignore, 0, 0, 0
211, dungeons_arise:mushroom_house, HEADING, header:ignore, 0, 0, 0
212, dungeons_arise:mushroom_mines, HEADING, header:ignore, 0, 0, 0
213, dungeons_arise:mushroom_village, HEADING, header:ignore, 0, 0, 0
214, totw_modded:nether, HEADING, header:ignore, 0, 0, 0
215, kellomod:nether_dungeon_spawner, HEADING, header:ignore, 0, 0, 0
216, kellomod:nether_dungeon_spawner, MONSTER, minecraft:piglin, 10, 1, 3
217, minecraft:nether_fossil, HEADING, header:ignore, 0, 0, 0
218, minecraft:nether_fossil, MONSTER, alexsmobs:soul_vulture, 30, 1, 1
219, phenomena:nether_monster_room, HEADING, header:ignore, 0, 0, 0
220, nyctocosm:night_wastes/nightmare_fossil, HEADING, header:ignore, 0, 0, 0
221, nyctocosm:night_wastes/slatehenge, HEADING, header:ignore, 0, 0, 0
222, awesomedungeonnether:nth_absi_palace, HEADING, header:ignore, 0, 0, 0
223, awesomedungeonnether:nth_accum_quad, HEADING, header:ignore, 0, 0, 0
224, awesomedungeonnether:nth_blaze_tower, HEADING, header:ignore, 0, 0, 0
225, awesomedungeonnether:nth_center_square, HEADING, header:ignore, 0, 0, 0
226, awesomedungeonnether:nth_giant_crimson_tree, HEADING, header:ignore, 0, 0, 0
227, awesomedungeonnether:nth_obsi_house, HEADING, header:ignore, 0, 0, 0
228, hopo:oak_mineshaft, HEADING, header:ignore, 0, 0, 0
229, stellarity:obsidian_spike, HEADING, header:ignore, 0, 0, 0
230, awesomedungeonocean:ocean_cage, HEADING, header:ignore, 0, 0, 0
231, awesomedungeonocean:ocean_quad, HEADING, header:ignore, 0, 0, 0
232, minecraft:ocean_ruin_cold, HEADING, header:ignore, 0, 0, 0
233, awesomedungeonocean:ocean_ruin_pillager, HEADING, header:ignore, 0, 0, 0
234, awesomedungeonocean:ocean_ruin_vanilla_temple, HEADING, header:ignore, 0, 0, 0
235, minecraft:ocean_ruin_warm, HEADING, header:ignore, 0, 0, 0
236, awesomedungeonocean:ocean_temple_quad, HEADING, header:ignore, 0, 0, 0
237, awesomedungeonocean:ocean_the_column_temple, HEADING, header:ignore, 0, 0, 0
238, awesomedungeonocean:ocean_warn_temple, HEADING, header:ignore, 0, 0, 0
239, stellarity:old_stronghold, HEADING, header:ignore, 0, 0, 0
240, ddo:outpost, HEADING, header:ignore, 0, 0, 0
241, nyctocosm:outpost, HEADING, header:ignore, 0, 0, 0
242, hopo:piglin_ruin, HEADING, header:ignore, 0, 0, 0
243, prototypedungeons:pillager_castle, HEADING, header:ignore, 0, 0, 0
244, prototypedungeons:pillager_castle, MONSTER, minecraft:pillager, 10, 1, 1
245, prototypedungeons:pillager_castle, MONSTER, minecraft:vindicator, 10, 1, 1
246, minecraft:pillager_outpost, HEADING, header:ignore, 0, 0, 0
247, minecraft:pillager_outpost, MONSTER, minecraft:pillager, 10, 1, 3
248, ctov:pillager_outpost_badlands, HEADING, header:ignore, 0, 0, 0
249, ctov:pillager_outpost_badlands, MONSTER, minecraft:pillager, 10, 1, 5
250, ctov:pillager_outpost_badlands, MONSTER, minecraft:evoker, 10, 1, 1
251, ctov:pillager_outpost_badlands, MONSTER, minecraft:vindicator, 10, 1, 3
252, ctov:pillager_outpost_badlands, MONSTER, minecraft:witch, 10, 1, 1
253, towns_and_towers:pillager_outpost_badlands, HEADING, header:ignore, 0, 0, 0
254, towns_and_towers:pillager_outpost_badlands, MONSTER, minecraft:pillager, 10, 1, 2
255, ctov:pillager_outpost_beach, HEADING, header:ignore, 0, 0, 0
256, ctov:pillager_outpost_beach, MONSTER, minecraft:pillager, 10, 1, 1
257, ctov:pillager_outpost_beach, MONSTER, minecraft:evoker, 10, 1, 1
258, ctov:pillager_outpost_beach, MONSTER, minecraft:vindicator, 10, 1, 1
259, ctov:pillager_outpost_beach, MONSTER, minecraft:witch, 10, 1, 1
260, towns_and_towers:pillager_outpost_beach, HEADING, header:ignore, 0, 0, 0
261, towns_and_towers:pillager_outpost_beach, MONSTER, minecraft:pillager, 10, 1, 2
262, towns_and_towers:pillager_outpost_birch_forest, HEADING, header:ignore, 0, 0, 0
263, towns_and_towers:pillager_outpost_birch_forest, MONSTER, minecraft:pillager, 10, 1, 2
264, ctov:pillager_outpost_dark_forest, HEADING, header:ignore, 0, 0, 0
265, ctov:pillager_outpost_dark_forest, MONSTER, minecraft:pillager, 10, 1, 1
266, ctov:pillager_outpost_dark_forest, MONSTER, minecraft:evoker, 10, 1, 1
267, ctov:pillager_outpost_dark_forest, MONSTER, minecraft:vindicator, 10, 1, 1
268, ctov:pillager_outpost_dark_forest, MONSTER, minecraft:witch, 10, 1, 1
269, ctov:pillager_outpost_desert, HEADING, header:ignore, 0, 0, 0
270, ctov:pillager_outpost_desert, MONSTER, minecraft:pillager, 10, 1, 1
271, ctov:pillager_outpost_desert, MONSTER, minecraft:evoker, 10, 1, 1
272, ctov:pillager_outpost_desert, MONSTER, minecraft:vindicator, 10, 1, 1
273, ctov:pillager_outpost_desert, MONSTER, minecraft:witch, 10, 1, 1
274, towns_and_towers:pillager_outpost_desert, HEADING, header:ignore, 0, 0, 0
275, towns_and_towers:pillager_outpost_desert, MONSTER, minecraft:pillager, 10, 1, 2
276, towns_and_towers:pillager_outpost_flower_forest, HEADING, header:ignore, 0, 0, 0
277, towns_and_towers:pillager_outpost_flower_forest, MONSTER, minecraft:pillager, 10, 1, 2
278, towns_and_towers:pillager_outpost_forest, HEADING, header:ignore, 0, 0, 0
279, towns_and_towers:pillager_outpost_forest, MONSTER, minecraft:pillager, 10, 1, 2
280, towns_and_towers:pillager_outpost_grove, HEADING, header:ignore, 0, 0, 0
281, towns_and_towers:pillager_outpost_grove, MONSTER, minecraft:pillager, 10, 1, 2
282, ctov:pillager_outpost_jungle, HEADING, header:ignore, 0, 0, 0
283, ctov:pillager_outpost_jungle, MONSTER, minecraft:pillager, 10, 1, 1
284, ctov:pillager_outpost_jungle, MONSTER, minecraft:evoker, 10, 1, 1
285, ctov:pillager_outpost_jungle, MONSTER, minecraft:vindicator, 10, 1, 1
286, ctov:pillager_outpost_jungle, MONSTER, minecraft:witch, 10, 1, 1
287, towns_and_towers:pillager_outpost_jungle, HEADING, header:ignore, 0, 0, 0
288, towns_and_towers:pillager_outpost_jungle, MONSTER, minecraft:pillager, 10, 1, 2
289, towns_and_towers:pillager_outpost_meadow, HEADING, header:ignore, 0, 0, 0
290, towns_and_towers:pillager_outpost_meadow, MONSTER, minecraft:pillager, 10, 1, 2
291, ctov:pillager_outpost_mesa, HEADING, header:ignore, 0, 0, 0
292, ctov:pillager_outpost_mesa, MONSTER, minecraft:pillager, 10, 1, 5
293, ctov:pillager_outpost_mesa, MONSTER, minecraft:evoker, 10, 1, 1
294, ctov:pillager_outpost_mesa, MONSTER, minecraft:vindicator, 10, 1, 3
295, ctov:pillager_outpost_mesa, MONSTER, minecraft:witch, 10, 1, 1
296, ctov:pillager_outpost_mountain, HEADING, header:ignore, 0, 0, 0
297, ctov:pillager_outpost_mountain, MONSTER, minecraft:pillager, 10, 1, 1
298, ctov:pillager_outpost_mountain, MONSTER, minecraft:evoker, 10, 1, 1
299, ctov:pillager_outpost_mountain, MONSTER, minecraft:vindicator, 10, 1, 1
300, ctov:pillager_outpost_mountain, MONSTER, minecraft:witch, 10, 1, 1
301, towns_and_towers:pillager_outpost_mushroom_fields, HEADING, header:ignore, 0, 0, 0
302, towns_and_towers:pillager_outpost_ocean, HEADING, header:ignore, 0, 0, 0
303, towns_and_towers:pillager_outpost_ocean, MONSTER, minecraft:pillager, 10, 1, 2
304, towns_and_towers:pillager_outpost_old_growth_taiga, HEADING, header:ignore, 0, 0, 0
305, towns_and_towers:pillager_outpost_old_growth_taiga, MONSTER, minecraft:pillager, 10, 1, 2
306, ctov:pillager_outpost_plains, HEADING, header:ignore, 0, 0, 0
307, ctov:pillager_outpost_plains, MONSTER, minecraft:pillager, 10, 1, 1
308, ctov:pillager_outpost_plains, MONSTER, minecraft:evoker, 10, 1, 1
309, ctov:pillager_outpost_plains, MONSTER, minecraft:vindicator, 10, 1, 1
310, ctov:pillager_outpost_plains, MONSTER, minecraft:witch, 10, 1, 1
311, ctov:pillager_outpost_savanna, HEADING, header:ignore, 0, 0, 0
312, ctov:pillager_outpost_savanna, MONSTER, minecraft:pillager, 10, 1, 1
313, ctov:pillager_outpost_savanna, MONSTER, minecraft:evoker, 10, 1, 1
314, ctov:pillager_outpost_savanna, MONSTER, minecraft:vindicator, 10, 1, 1
315, ctov:pillager_outpost_savanna, MONSTER, minecraft:witch, 10, 1, 1
316, towns_and_towers:pillager_outpost_savanna, HEADING, header:ignore, 0, 0, 0
317, towns_and_towers:pillager_outpost_savanna, MONSTER, minecraft:pillager, 10, 1, 2
318, ctov:pillager_outpost_snowy, HEADING, header:ignore, 0, 0, 0
319, ctov:pillager_outpost_snowy, MONSTER, minecraft:pillager, 10, 1, 1
320, ctov:pillager_outpost_snowy, MONSTER, minecraft:evoker, 10, 1, 1
321, ctov:pillager_outpost_snowy, MONSTER, minecraft:vindicator, 10, 1, 1
322, ctov:pillager_outpost_snowy, MONSTER, minecraft:witch, 10, 1, 1
323, towns_and_towers:pillager_outpost_snowy_beach, HEADING, header:ignore, 0, 0, 0
324, towns_and_towers:pillager_outpost_snowy_beach, MONSTER, minecraft:pillager, 10, 1, 2
325, towns_and_towers:pillager_outpost_snowy_plains, HEADING, header:ignore, 0, 0, 0
326, towns_and_towers:pillager_outpost_snowy_plains, MONSTER, minecraft:pillager, 10, 1, 2
327, towns_and_towers:pillager_outpost_snowy_slopes, HEADING, header:ignore, 0, 0, 0
328, towns_and_towers:pillager_outpost_snowy_slopes, MONSTER, minecraft:pillager, 10, 1, 2
329, towns_and_towers:pillager_outpost_snowy_taiga, HEADING, header:ignore, 0, 0, 0
330, towns_and_towers:pillager_outpost_snowy_taiga, MONSTER, minecraft:pillager, 10, 1, 2
331, towns_and_towers:pillager_outpost_sparse_jungle, HEADING, header:ignore, 0, 0, 0
332, towns_and_towers:pillager_outpost_sparse_jungle, MONSTER, minecraft:pillager, 10, 1, 2
333, towns_and_towers:pillager_outpost_sunflower_plains, HEADING, header:ignore, 0, 0, 0
334, towns_and_towers:pillager_outpost_sunflower_plains, MONSTER, minecraft:pillager, 10, 1, 2
335, ctov:pillager_outpost_swamp, HEADING, header:ignore, 0, 0, 0
336, ctov:pillager_outpost_swamp, MONSTER, minecraft:pillager, 10, 1, 1
337, ctov:pillager_outpost_swamp, MONSTER, minecraft:evoker, 10, 1, 1
338, ctov:pillager_outpost_swamp, MONSTER, minecraft:vindicator, 10, 1, 1
339, ctov:pillager_outpost_swamp, MONSTER, minecraft:witch, 10, 1, 1
340, towns_and_towers:pillager_outpost_swamp, HEADING, header:ignore, 0, 0, 0
341, towns_and_towers:pillager_outpost_swamp, MONSTER, minecraft:pillager, 10, 1, 2
342, ctov:pillager_outpost_taiga, HEADING, header:ignore, 0, 0, 0
343, ctov:pillager_outpost_taiga, MONSTER, minecraft:pillager, 10, 1, 1
344, ctov:pillager_outpost_taiga, MONSTER, minecraft:evoker, 10, 1, 1
345, ctov:pillager_outpost_taiga, MONSTER, minecraft:vindicator, 10, 1, 1
346, ctov:pillager_outpost_taiga, MONSTER, minecraft:witch, 10, 1, 1
347, towns_and_towers:pillager_outpost_taiga, HEADING, header:ignore, 0, 0, 0
348, towns_and_towers:pillager_outpost_taiga, MONSTER, minecraft:pillager, 10, 1, 2
349, towns_and_towers:pillager_outpost_wooded_badlands, HEADING, header:ignore, 0, 0, 0
350, towns_and_towers:pillager_outpost_wooded_badlands, MONSTER, minecraft:pillager, 10, 1, 2
351, dungeons_arise:plague_asylum, HEADING, header:ignore, 0, 0, 0
352, simply_houses:plains_house, HEADING, header:ignore, 0, 0, 0
353, simply_houses:plains_mansion, HEADING, header:ignore, 0, 0, 0
354, hopo:portal, HEADING, header:ignore, 0, 0, 0
355, hopo:portal_deepslate, HEADING, header:ignore, 0, 0, 0
356, hopo:portal_dripstone, HEADING, header:ignore, 0, 0, 0
357, hopo:portal_lush, HEADING, header:ignore, 0, 0, 0
358, kellomod:pyramid_oasis, HEADING, header:ignore, 0, 0, 0
359, kellomod:pyramid_oasis, MONSTER, minecraft:zombie, 10, 1, 6
360, kellomod:pyramid_oasis, MONSTER, minecraft:husk, 10, 3, 8
361, totw_modded:ratlantis, HEADING, header:ignore, 0, 0, 0
362, totw_modded:regular, HEADING, header:ignore, 0, 0, 0
363, stellarity:return_gateways/base_flying, HEADING, header:ignore, 0, 0, 0
364, stellarity:return_gateways/bloody_flying, HEADING, header:ignore, 0, 0, 0
365, stellarity:return_gateways/snowy_flying, HEADING, header:ignore, 0, 0, 0
366, kellomod:ruined_ancient_city, HEADING, header:ignore, 0, 0, 0
367, cataclysm:ruined_citadel, HEADING, header:ignore, 0, 0, 0
368, cataclysm:ruined_citadel, MONSTER, cataclysm:endermaptera, 10, 1, 1
369, kellomod:ruined_junglepyramid0, HEADING, header:ignore, 0, 0, 0
370, kellomod:ruined_junglepyramid1, HEADING, header:ignore, 0, 0, 0
371, kellomod:ruined_junglepyramid2, HEADING, header:ignore, 0, 0, 0
372, minecraft:ruined_portal, HEADING, header:ignore, 0, 0, 0
373, minecraft:ruined_portal_desert, HEADING, header:ignore, 0, 0, 0
374, minecraft:ruined_portal_jungle, HEADING, header:ignore, 0, 0, 0
375, minecraft:ruined_portal_mountain, HEADING, header:ignore, 0, 0, 0
376, minecraft:ruined_portal_nether, HEADING, header:ignore, 0, 0, 0
377, minecraft:ruined_portal_ocean, HEADING, header:ignore, 0, 0, 0
378, minecraft:ruined_portal_swamp, HEADING, header:ignore, 0, 0, 0
379, graveyard:ruins, HEADING, header:ignore, 0, 0, 0
380, graveyard:ruins, MONSTER, graveyard:skeleton_creeper, 35, 1, 1
381, graveyard:ruins, MONSTER, graveyard:revenant, 45, 1, 3
382, graveyard:ruins, MONSTER, graveyard:ghoul, 50, 1, 2
383, phenomena:sand_wall, HEADING, header:ignore, 0, 0, 0
384, dungeons_arise:scorched_mines, HEADING, header:ignore, 0, 0, 0
385, minecraft:shipwreck, HEADING, header:ignore, 0, 0, 0
386, minecraft:shipwreck, MONSTER, alexsmobs:skelewag, 15, 1, 2
387, minecraft:shipwreck_beached, HEADING, header:ignore, 0, 0, 0
388, dungeons_arise:shiraz_palace, HEADING, header:ignore, 0, 0, 0
389, minecolonies:shire_colony, HEADING, header:ignore, 0, 0, 0
390, minecolonies:shire_colony, CREATURE, minecraft:cat, 80, 1, 2
391, ctov:small/village_beach, HEADING, header:ignore, 0, 0, 0
392, ctov:small/village_dark_forest, HEADING, header:ignore, 0, 0, 0
393, ctov:small/village_desert, HEADING, header:ignore, 0, 0, 0
394, ctov:small/village_jungle, HEADING, header:ignore, 0, 0, 0
395, ctov:small/village_mesa, HEADING, header:ignore, 0, 0, 0
396, ctov:small/village_mountain, HEADING, header:ignore, 0, 0, 0
397, ctov:small/village_mushroom, HEADING, header:ignore, 0, 0, 0
398, ctov:small/village_plains, HEADING, header:ignore, 0, 0, 0
399, ctov:small/village_savanna, HEADING, header:ignore, 0, 0, 0
400, ctov:small/village_snowy, HEADING, header:ignore, 0, 0, 0
401, ctov:small/village_swamp, HEADING, header:ignore, 0, 0, 0
402, ctov:small/village_taiga, HEADING, header:ignore, 0, 0, 0
403, ctov:small/village_underground, HEADING, header:ignore, 0, 0, 0
404, dungeons_arise:small_blimp, HEADING, header:ignore, 0, 0, 0
405, phenomena:small_bridge, HEADING, header:ignore, 0, 0, 0
406, phenomena:small_bridge_deep, HEADING, header:ignore, 0, 0, 0
407, phenomena:small_bridge_sand, HEADING, header:ignore, 0, 0, 0
408, graveyard:small_desert_grave, HEADING, header:ignore, 0, 0, 0
409, graveyard:small_desert_graveyard, HEADING, header:ignore, 0, 0, 0
410, graveyard:small_desert_graveyard, MONSTER, minecraft:vindicator, 10, 1, 1
411, graveyard:small_desert_graveyard, MONSTER, minecraft:pillager, 10, 1, 1
412, graveyard:small_grave, HEADING, header:ignore, 0, 0, 0
413, graveyard:small_graveyard, HEADING, header:ignore, 0, 0, 0
414, graveyard:small_graveyard, MONSTER, graveyard:skeleton_creeper, 35, 1, 1
415, graveyard:small_graveyard, MONSTER, graveyard:revenant, 45, 1, 3
416, graveyard:small_graveyard, MONSTER, graveyard:ghoul, 50, 1, 2
417, graveyard:small_mountain_grave, HEADING, header:ignore, 0, 0, 0
418, dungeons_arise:small_prairie_house, HEADING, header:ignore, 0, 0, 0
419, graveyard:small_savanna_grave, HEADING, header:ignore, 0, 0, 0
420, cataclysm:soul_black_smith, HEADING, header:ignore, 0, 0, 0
421, phenomena:spooky_cottage, HEADING, header:ignore, 0, 0, 0
422, hopo:spruce_mineshaft, HEADING, header:ignore, 0, 0, 0
423, ars_nouveau:stalker_wilden_den, HEADING, header:ignore, 0, 0, 0
424, ars_nouveau:stalker_wilden_den, MONSTER, ars_nouveau:wilden_stalker, 10, 3, 3
425, hopo:stone_mineshaft, HEADING, header:ignore, 0, 0, 0
426, phenomena:stonehenge, HEADING, header:ignore, 0, 0, 0
427, minecraft:stronghold, HEADING, header:ignore, 0, 0, 0
428, cataclysm:sunken_city, HEADING, header:ignore, 0, 0, 0
429, awesomedungeon:swamp_big_temple, HEADING, header:ignore, 0, 0, 0
430, minecraft:swamp_hut, HEADING, header:ignore, 0, 0, 0
431, minecraft:swamp_hut, MONSTER, minecraft:witch, 10, 1, 2
432, simply_houses:taiga_forge, HEADING, header:ignore, 0, 0, 0
433, simply_houses:taiga_house, HEADING, header:ignore, 0, 0, 0
434, simply_houses:taiga_inn, HEADING, header:ignore, 0, 0, 0
435, simply_houses:taiga_woodcutter, HEADING, header:ignore, 0, 0, 0
436, awesomedungeon:the_usine, HEADING, header:ignore, 0, 0, 0
437, awesomedungeon:the_ztower, HEADING, header:ignore, 0, 0, 0
438, dungeons_arise:thornborn_towers, HEADING, header:ignore, 0, 0, 0
439, minecraft:trail_ruins, HEADING, header:ignore, 0, 0, 0
440, totw_modded:tw_canopy, HEADING, header:ignore, 0, 0, 0
441, totw_modded:tw_mangrove, HEADING, header:ignore, 0, 0, 0
442, nyctocosm:twilight_woodlands/monolith, HEADING, header:ignore, 0, 0, 0
443, dungeons_arise:typhon, HEADING, header:ignore, 0, 0, 0
444, dungeons_arise:undead_pirate_ship, HEADING, header:ignore, 0, 0, 0
445, hopo:underwater_fossils, HEADING, header:ignore, 0, 0, 0
446, hopo:underwater_ruins, HEADING, header:ignore, 0, 0, 0
447, hopo:underwater_small_ruins, HEADING, header:ignore, 0, 0, 0
448, hopo:underwater_warm_small_ruins, HEADING, header:ignore, 0, 0, 0
449, totw_modded:venus, HEADING, header:ignore, 0, 0, 0
450, stellarity:village, HEADING, header:ignore, 0, 0, 0
451, phenomena:village/village_campsite, HEADING, header:ignore, 0, 0, 0
452, towns_and_towers:village_badlands, HEADING, header:ignore, 0, 0, 0
453, towns_and_towers:village_beach, HEADING, header:ignore, 0, 0, 0
454, towns_and_towers:village_birch_forest, HEADING, header:ignore, 0, 0, 0
455, minecraft:village_desert, HEADING, header:ignore, 0, 0, 0
456, towns_and_towers:village_flower_forest, HEADING, header:ignore, 0, 0, 0
457, towns_and_towers:village_forest, HEADING, header:ignore, 0, 0, 0
458, towns_and_towers:village_grove, HEADING, header:ignore, 0, 0, 0
459, towns_and_towers:village_jungle, HEADING, header:ignore, 0, 0, 0
460, towns_and_towers:village_meadow, HEADING, header:ignore, 0, 0, 0
461, towns_and_towers:village_mushroom_fields, HEADING, header:ignore, 0, 0, 0
462, towns_and_towers:village_ocean, HEADING, header:ignore, 0, 0, 0
463, towns_and_towers:village_old_growth_taiga, HEADING, header:ignore, 0, 0, 0
464, minecraft:village_plains, HEADING, header:ignore, 0, 0, 0
465, minecraft:village_savanna, HEADING, header:ignore, 0, 0, 0
466, minecraft:village_snowy, HEADING, header:ignore, 0, 0, 0
467, towns_and_towers:village_snowy_slopes, HEADING, header:ignore, 0, 0, 0
468, towns_and_towers:village_snowy_taiga, HEADING, header:ignore, 0, 0, 0
469, towns_and_towers:village_sparse_jungle, HEADING, header:ignore, 0, 0, 0
470, towns_and_towers:village_sunflower_plains, HEADING, header:ignore, 0, 0, 0
471, towns_and_towers:village_swamp, HEADING, header:ignore, 0, 0, 0
472, minecraft:village_taiga, HEADING, header:ignore, 0, 0, 0
473, towns_and_towers:village_wooded_badlands, HEADING, header:ignore, 0, 0, 0
474, phenomena:wall, HEADING, header:ignore, 0, 0, 0
475, minecolonies:warpednetherlands_colony, HEADING, header:ignore, 0, 0, 0
476, minecolonies:warpednetherlands_colony, CREATURE, minecraft:cat, 80, 1, 2
477, phenomena:watchtower, HEADING, header:ignore, 0, 0, 0
478, supplementaries:way_sign, HEADING, header:ignore, 0, 0, 0
479, dungeons_arise:wishing_well, HEADING, header:ignore, 0, 0, 0
480, awesomedungeon:witch_castle, HEADING, header:ignore, 0, 0, 0
481, phenomena:witch_hut, HEADING, header:ignore, 0, 0, 0
482, towns_and_towers:wreckage_ocean, HEADING, header:ignore, 0, 0, 0
